Day,Era,Year,Month,Region,Event ID,Event type,Description,Event title,Date display,Source 1 URL,Calendar date,City location,Original date,Source 1 name,Date certainty,Event category,Modern country,Calendar system,Coverage status,People involved,Historical entity,Significance scope,Source reliability,Target event count,Verification status,Verified event count,Historical significance score
1,CE,1918,April,Europe,GHC-APR-0001,military,The Royal Air Force is created by merging the Royal Flying Corps and the Royal Naval Air Service.,Creation of the Royal Air Force,"April 1, 1918 CE",https://en.wikipedia.org/wiki/April_1,1918-04-01,,"April 1, 1918",Wikipedia — April 1,exact,armed forces,United Kingdom,Gregorian,evidence-based partial coverage,,Royal Air Force,regional,secondary source; page cites references,20,verified against dated source entry,6,8
1,CE,1939,April,Europe,GHC-APR-0002,political,Generalísimo Francisco Franco announces the end of the Spanish Civil War after the last Republican forces surrender.,End of the Spanish Civil War,"April 1, 1939 CE",https://en.wikipedia.org/wiki/April_1,1939-04-01,,"April 1, 1939",Wikipedia — April 1,exact,civil war,Spain,Gregorian,evidence-based partial coverage,Francisco Franco,Spanish State,regional,secondary source; page cites references,20,verified against dated source entry,6,8
1,CE,1946,April,North America,GHC-APR-0003,disaster,"An 8.6 magnitude earthquake in the Aleutian Islands generates a destructive tsunami that reaches Hawaii and causes dozens of deaths, mostly in Hilo.",Aleutian Islands Earthquake and Tsunami,"April 1, 1946 CE",https://en.wikipedia.org/wiki/April_1,1946-04-01,Hilo,"April 1, 1946",Wikipedia — April 1,exact,earthquake and tsunami,United States,Gregorian,evidence-based partial coverage,,,regional,secondary source; page cites references,20,verified against dated source entry,6,8
1,CE,1960,April,North America,GHC-APR-0004,science_technology,The TIROS-1 satellite transmits the first television picture from space.,First Television Picture from Space,"April 1, 1960 CE",https://en.wikipedia.org/wiki/April_1,1960-04-01,,"April 1, 1960",Wikipedia — April 1,exact,space technology,United States,Gregorian,evidence-based partial coverage,,TIROS-1,regional,secondary source; page cites references,20,verified against dated source entry,6,8
1,CE,1979,April,Middle East,GHC-APR-0005,political,"Iran becomes an Islamic republic by a 99% vote, officially overthrowing the Shah.",Iran Becomes an Islamic Republic,"April 1, 1979 CE",https://en.wikipedia.org/wiki/April_1,1979-04-01,,"April 1, 1979",Wikipedia — April 1,exact,regime change,Iran,Gregorian,evidence-based partial coverage,Shah,Islamic Republic of Iran,regional,secondary source; page cites references,20,verified against dated source entry,6,8
1,CE,2001,April,Europe,GHC-APR-0006,social,"Same-sex marriage becomes legal in the Netherlands, the first contemporary country to allow it.",Legalization of Same-Sex Marriage in the Netherlands,"April 1, 2001 CE",https://en.wikipedia.org/wiki/April_1,2001-04-01,,"April 1, 2001",Wikipedia — April 1,exact,marriage equality,Netherlands,Gregorian,evidence-based partial coverage,,Kingdom of the Netherlands,regional,secondary source; page cites references,20,verified against dated source entry,6,8
2,CE,1513,April,North America,GHC-APR-0007,exploration,Spanish explorer Juan Ponce de León comes ashore on what is now the U.S. state of Florida.,Ponce de León lands in Florida,"April 2, 1513 CE",https://en.wikipedia.org/wiki/April_2,1513-04-02,Florida,"April 2, 1513",Wikipedia — April 2,exact,European exploration,United States,Gregorian,evidence-based partial coverage,Juan Ponce de León,Spanish Empire,regional,secondary source; page cites references,20,verified against dated source entry,6,8
2,CE,1792,April,North America,GHC-APR-0008,economic,"The Coinage Act is passed by Congress, establishing the United States Mint.",United States Mint established,"April 2, 1792 CE",https://en.wikipedia.org/wiki/April_2,1792-04-02,,"April 2, 1792",Wikipedia — April 2,exact,Monetary institution,United States,Gregorian,evidence-based partial coverage,,United States Mint,regional,secondary source; page cites references,20,verified against dated source entry,6,8
2,CE,1801,April,Europe,GHC-APR-0009,military,"A British Royal Navy squadron defeats a smaller Dano-Norwegian Navy at the Battle of Copenhagen, forcing Denmark out of the Second League of Armed Neutrality.",Battle of Copenhagen,"April 2, 1801 CE",https://en.wikipedia.org/wiki/April_2,1801-04-02,Copenhagen,"April 2, 1801",Wikipedia — April 2,exact,Naval battle,Denmark,Gregorian,evidence-based partial coverage,,Dano-Norwegian Navy,regional,secondary source; page cites references,20,verified against dated source entry,6,8
2,CE,1865,April,North America,GHC-APR-0010,military,"Defeat at the Third Battle of Petersburg forces the Army of Northern Virginia and the Confederate government to abandon Richmond, Virginia.",Confederates abandon Richmond,"April 2, 1865 CE",https://en.wikipedia.org/wiki/April_2,1865-04-02,Richmond,"April 2, 1865",Wikipedia — April 2,exact,American Civil War,United States,Gregorian,evidence-based partial coverage,,Confederate States of America,regional,secondary source; page cites references,20,verified against dated source entry,6,8
2,CE,1917,April,North America,GHC-APR-0011,political,President Wilson asks the U.S. Congress for a declaration of war on Germany.,Wilson requests war declaration,"April 2, 1917 CE",https://en.wikipedia.org/wiki/April_2,1917-04-02,"Washington, D.C.","April 2, 1917",Wikipedia — April 2,exact,World War I,United States,Gregorian,evidence-based partial coverage,Woodrow Wilson,United States,regional,secondary source; page cites references,20,verified against dated source entry,6,8
2,CE,1982,April,South America,GHC-APR-0012,military,"Argentina invades the Falkland Islands, beginning the Falklands War.",Argentina invades the Falkland Islands,"April 2, 1982 CE",https://en.wikipedia.org/wiki/April_2,1982-04-02,Falkland Islands,"April 2, 1982",Wikipedia — April 2,exact,Territorial conflict,Argentina,Gregorian,evidence-based partial coverage,,Argentina,regional,secondary source; page cites references,20,verified against dated source entry,6,8
3,CE,1559,April,Europe,GHC-APR-0013,political,"The second of two treaties making up the Peace of Cateau-Cambrésis is signed, ending the Italian Wars.",Peace of Cateau-Cambrésis,"April 3, 1559 CE",https://en.wikipedia.org/wiki/April_3,1559-04-03,Cateau-Cambrésis,"April 3, 1559",Wikipedia — April 3,exact,treaty,France,Gregorian,evidence-based partial coverage,,Peace of Cateau-Cambrésis,regional,secondary source; page cites references,20,verified against dated source entry,6,8
3,CE,1721,April,Europe,GHC-APR-0014,political,"Robert Walpole becomes, in effect, the first Prime Minister of Great Britain, though he himself denied that title.",Walpole Becomes Prime Minister,"April 3, 1721 CE",https://en.wikipedia.org/wiki/April_3,1721-04-03,,"April 3, 1721",Wikipedia — April 3,exact,government,United Kingdom,Gregorian,evidence-based partial coverage,Robert Walpole,Great Britain,regional,secondary source; page cites references,20,verified against dated source entry,6,8
3,CE,1865,April,North America,GHC-APR-0015,military,"Union forces capture Richmond, Virginia, the capital of the Confederate States of America.",Capture of Richmond,"April 3, 1865 CE",https://en.wikipedia.org/wiki/April_3,1865-04-03,Richmond,"April 3, 1865",Wikipedia — April 3,exact,American Civil War,United States,Gregorian,evidence-based partial coverage,,Confederate States of America,regional,secondary source; page cites references,20,verified against dated source entry,6,8
3,CE,1885,April,Europe,GHC-APR-0016,science_technology,"Gottlieb Daimler is granted a German patent for a light, high-speed, four-stroke engine, which he uses seven months later to create the world's first motorcycle, the Daimler Reitwagen.",Daimler Engine Patent,"April 3, 1885 CE",https://en.wikipedia.org/wiki/April_3,1885-04-03,,"April 3, 1885",Wikipedia — April 3,exact,automotive technology,Germany,Gregorian,evidence-based partial coverage,Gottlieb Daimler,Daimler Reitwagen,regional,secondary source; page cites references,20,verified against dated source entry,6,8
3,CE,1948,April,Global,GHC-APR-0017,economic,"U.S. President Harry S. Truman signs the Marshall Plan, authorizing $5 billion in aid for 16 countries.",Marshall Plan Authorized,"April 3, 1948 CE",https://en.wikipedia.org/wiki/April_3,1948-04-03,"Washington, D.C.","April 3, 1948",Wikipedia — April 3,exact,foreign aid,United States,Gregorian,evidence-based partial coverage,Harry S. Truman,Marshall Plan,global,secondary source; page cites references,20,verified against dated source entry,6,9
3,CE,1973,April,North America,GHC-APR-0018,science_technology,Martin Cooper of Motorola makes the first handheld mobile phone call to Joel S. Engel of Bell Labs.,First Handheld Mobile Phone Call,"April 3, 1973 CE",https://en.wikipedia.org/wiki/April_3,1973-04-03,,"April 3, 1973",Wikipedia — April 3,exact,telecommunications,United States,Gregorian,evidence-based partial coverage,Martin Cooper; Joel S. Engel,Motorola,regional,secondary source; page cites references,20,verified against dated source entry,6,8
4,CE,1581,April,Europe,GHC-APR-0019,exploration,Francis Drake is knighted by Queen Elizabeth I for completing a circumnavigation of the world.,Drake knighted after circumnavigation,"April 4, 1581 CE",https://en.wikipedia.org/wiki/April_4,1581-04-04,,"April 4, 1581",Wikipedia — April 4,exact,Circumnavigation,United Kingdom,Gregorian,evidence-based partial coverage,Francis Drake; Queen Elizabeth I,Francis Drake,regional,secondary source; page cites references,20,verified against dated source entry,6,8
4,CE,1814,April,Europe,GHC-APR-0020,political,Napoleon abdicates conditionally for the first time and names his son Napoleon II as Emperor of the French.,Napoleon's first abdication,"April 4, 1814 CE",https://en.wikipedia.org/wiki/April_4,1814-04-04,,"April 4, 1814",Wikipedia — April 4,exact,Abdication,France,Gregorian,evidence-based partial coverage,Napoleon; Napoleon II,First French Empire,regional,secondary source; page cites references,20,verified against dated source entry,6,8
4,CE,1887,April,North America,GHC-APR-0021,social,"Argonia, Kansas elects Susanna M. Salter as the first female mayor in the United States.",Susanna M. Salter elected mayor,"April 4, 1887 CE",https://en.wikipedia.org/wiki/April_4,1887-04-04,Argonia,"April 4, 1887",Wikipedia — April 4,exact,Women's political representation,United States,Gregorian,evidence-based partial coverage,Susanna M. Salter,Argonia,regional,secondary source; page cites references,20,verified against dated source entry,6,8
4,CE,1949,April,Europe,GHC-APR-0022,political,Twelve nations sign the North Atlantic Treaty creating the North Atlantic Treaty Organization.,North Atlantic Treaty signed,"April 4, 1949 CE",https://en.wikipedia.org/wiki/April_4,1949-04-04,,"April 4, 1949",Wikipedia — April 4,exact,International alliance,,Gregorian,evidence-based partial coverage,,North Atlantic Treaty Organization,regional,secondary source; page cites references,20,verified against dated source entry,6,8
4,CE,1968,April,North America,GHC-APR-0023,social,"Martin Luther King Jr. is assassinated by James Earl Ray at a motel in Memphis, Tennessee.",Martin Luther King Jr. assassinated,"April 4, 1968 CE",https://en.wikipedia.org/wiki/April_4,1968-04-04,Memphis,"April 4, 1968",Wikipedia — April 4,exact,Civil rights,United States,Gregorian,evidence-based partial coverage,Martin Luther King Jr.; James Earl Ray,Civil rights movement,regional,secondary source; page cites references,20,verified against dated source entry,6,8
4,CE,2002,April,Africa,GHC-APR-0024,political,The MPLA government of Angola and UNITA rebels sign a peace treaty ending the Angolan Civil War.,Angolan Civil War peace treaty,"April 4, 2002 CE",https://en.wikipedia.org/wiki/April_4,2002-04-04,,"April 4, 2002",Wikipedia — April 4,exact,Peace agreement,Angola,Gregorian,evidence-based partial coverage,,Angolan Civil War,regional,secondary source; page cites references,20,verified against dated source entry,6,8
5,CE,1242,April,Europe,GHC-APR-0025,military,Russian forces led by Alexander Nevsky rebuffed an invasion attempt by the Teutonic Knights during the Battle on the Ice of Lake Peipus.,Battle on the Ice,"April 5, 1242 CE",https://en.wikipedia.org/wiki/April_5,1242-04-05,Lake Peipus,"April 5, 1242",Wikipedia — April 5,exact,medieval battle,Russia,Gregorian,evidence-based partial coverage,Alexander Nevsky,Russian forces; Teutonic Knights,regional,secondary source; page cites references,20,verified against dated source entry,6,8
5,CE,1792,April,North America,GHC-APR-0026,political,United States President George Washington exercised his authority to veto a bill for the first time in United States history.,First U.S. Presidential Veto,"April 5, 1792 CE",https://en.wikipedia.org/wiki/April_5,1792-04-05,,"April 5, 1792",Wikipedia — April 5,exact,constitutional government,United States,Gregorian,evidence-based partial coverage,George Washington,United States,regional,secondary source; page cites references,20,verified against dated source entry,6,8
5,CE,1818,April,South America,GHC-APR-0027,military,"Chile's independence movement, led by Bernardo O'Higgins and José de San Martín, won a decisive victory over Spain, leaving 2,000 Spaniards and 1,000 Chilean patriots dead.",Battle of Maipú,"April 5, 1818 CE",https://en.wikipedia.org/wiki/April_5,1818-04-05,Maipú,"April 5, 1818",Wikipedia — April 5,exact,war of independence,Chile,Gregorian,evidence-based partial coverage,Bernardo O'Higgins; José de San Martín,Chile; Spain,regional,secondary source; page cites references,20,verified against dated source entry,6,8
5,CE,1936,April,North America,GHC-APR-0028,disaster,"An F5 tornado in Tupelo, Mississippi, killed 233 people during the Tupelo–Gainesville tornado outbreak.",Tupelo Tornado,"April 5, 1936 CE",https://en.wikipedia.org/wiki/April_5,1936-04-05,"Tupelo, Mississippi","April 5, 1936",Wikipedia — April 5,exact,tornado,United States,Gregorian,evidence-based partial coverage,,,regional,secondary source; page cites references,20,verified against dated source entry,6,8
5,CE,1942,April,Asia,GHC-APR-0029,military,"The Imperial Japanese Navy launched a carrier-based air attack on Colombo, damaging port and civilian facilities and sinking HMS Cornwall and HMS Dorsetshire southwest of Ceylon.",Attack on Colombo,"April 5, 1942 CE",https://en.wikipedia.org/wiki/April_5,1942-04-05,Colombo,"April 5, 1942",Wikipedia — April 5,exact,World War II naval raid,Sri Lanka,Gregorian,evidence-based partial coverage,,Imperial Japanese Navy; Royal Navy,regional,secondary source; page cites references,20,verified against dated source entry,6,8
5,CE,1992,April,South America,GHC-APR-0030,political,Peruvian president Alberto Fujimori dissolved the Peruvian congress by military force.,Fujimori Dissolves Congress,"April 5, 1992 CE",https://en.wikipedia.org/wiki/April_5,1992-04-05,Lima,"April 5, 1992",Wikipedia — April 5,exact,constitutional crisis,Peru,Gregorian,evidence-based partial coverage,Alberto Fujimori,Peru,regional,secondary source; page cites references,20,verified against dated source entry,6,8
6,CE,1453,April,Europe,GHC-APR-0031,military,"Mehmed II begins his siege of Constantinople, which falls on May 29 and is renamed Istanbul.",Siege of Constantinople begins,"April 6, 1453 CE",https://en.wikipedia.org/wiki/April_6,1453-04-06,Constantinople,"April 6, 1453",Wikipedia — April 6,exact,conquest,Turkey,Gregorian,evidence-based partial coverage,Mehmed II,Byzantine Empire; Ottoman Empire,regional,secondary source; page cites references,20,verified against dated source entry,6,8
6,CE,1652,April,Africa,GHC-APR-0032,exploration,Jan van Riebeeck establishes a resupply camp at the Cape of Good Hope that eventually becomes Cape Town.,Dutch resupply camp established at the Cape,"April 6, 1652 CE",https://en.wikipedia.org/wiki/April_6,1652-04-06,Cape Town,"April 6, 1652",Wikipedia — April 6,exact,colonization,South Africa,Gregorian,evidence-based partial coverage,Jan van Riebeeck,Dutch East India Company,regional,secondary source; page cites references,20,verified against dated source entry,6,8
6,CE,1776,April,North America,GHC-APR-0033,military,Ships of the Continental Navy fail in their attempt to capture a Royal Navy dispatch boat.,Continental Navy attack fails,"April 6, 1776 CE",https://en.wikipedia.org/wiki/April_6,1776-04-06,,"April 6, 1776",Wikipedia — April 6,exact,American Revolutionary War,United States,Gregorian,evidence-based partial coverage,,Continental Navy,regional,secondary source; page cites references,20,verified against dated source entry,6,8
6,CE,1896,April,Europe,GHC-APR-0034,cultural,"The opening of the first modern Olympic Games is celebrated in Athens, 1,500 years after the original games were banned by Roman emperor Theodosius I.",First modern Olympic Games open,"April 6, 1896 CE",https://en.wikipedia.org/wiki/April_6,1896-04-06,Athens,"April 6, 1896",Wikipedia — April 6,exact,sport,Greece,Gregorian,evidence-based partial coverage,Theodosius I,Olympic Games,global,secondary source; page cites references,20,verified against dated source entry,6,9
6,CE,1917,April,North America,GHC-APR-0035,political,"During World War I, the United States declares war on Germany.",United States declares war on Germany,"April 6, 1917 CE",https://en.wikipedia.org/wiki/April_6,1917-04-06,"Washington, D.C.","April 6, 1917",Wikipedia — April 6,exact,war declaration,United States,Gregorian,evidence-based partial coverage,,United States; German Empire,regional,secondary source; page cites references,20,verified against dated source entry,6,8
6,CE,1965,April,Global,GHC-APR-0036,science_technology,Early Bird is launched as the first commercial communications satellite to be placed in geosynchronous orbit.,Early Bird communications satellite launched,"April 6, 1965 CE",https://en.wikipedia.org/wiki/April_6,1965-04-06,,"April 6, 1965",Wikipedia — April 6,exact,space communications,,Gregorian,evidence-based partial coverage,,Early Bird,global,secondary source; page cites references,20,verified against dated source entry,6,9
7,CE,529,April,Europe,GHC-APR-0037,political,"The first Corpus Juris Civilis, a fundamental work in jurisprudence, is issued by Eastern Roman Emperor Justinian I.",Corpus Juris Civilis issued,"April 7, 529 CE",https://en.wikipedia.org/wiki/April_7,0529-04-07,,"April 7, 529",Wikipedia — April 7,exact,law,Turkey,Gregorian,evidence-based partial coverage,Justinian I,Eastern Roman Empire,regional,secondary source; page cites references,20,verified against dated source entry,5,8
7,CE,1141,April,Europe,GHC-APR-0038,political,"Empress Matilda becomes the first female ruler of England, adopting the title ""Lady of the English"".",Matilda becomes Lady of the English,"April 7, 1141 CE",https://en.wikipedia.org/wiki/April_7,1141-04-07,,"April 7, 1141",Wikipedia — April 7,exact,monarchy,United Kingdom,Gregorian,evidence-based partial coverage,Empress Matilda,Kingdom of England,regional,secondary source; page cites references,20,verified against dated source entry,5,8
7,CE,1724,April,Europe,GHC-APR-0039,cultural,"Bach's St John Passion, BWV 245, receives its premiere performance at St. Nicholas Church in Leipzig.",Premiere of Bach's St John Passion,"April 7, 1724 CE",https://en.wikipedia.org/wiki/April_7,1724-04-07,Leipzig,"April 7, 1724",Wikipedia — April 7,exact,music,Germany,Gregorian,evidence-based partial coverage,Johann Sebastian Bach,,regional,secondary source; page cites references,20,verified against dated source entry,5,8
7,CE,1862,April,North America,GHC-APR-0040,military,"The Union's Army of the Tennessee and Army of the Ohio defeat the Confederate Army of Mississippi near Shiloh, Tennessee.",Union victory at Shiloh,"April 7, 1862 CE",https://en.wikipedia.org/wiki/April_7,1862-04-07,Shiloh,"April 7, 1862",Wikipedia — April 7,exact,battle,United States,Gregorian,evidence-based partial coverage,,American Civil War,regional,secondary source; page cites references,20,verified against dated source entry,5,8
7,CE,1948,April,Global,GHC-APR-0041,political,The World Health Organization is established by the United Nations.,World Health Organization established,"April 7, 1948 CE",https://en.wikipedia.org/wiki/April_7,1948-04-07,Geneva,"April 7, 1948",Wikipedia — April 7,exact,international organization,Switzerland,Gregorian,evidence-based partial coverage,,World Health Organization,global,secondary source; page cites references,20,verified against dated source entry,5,9
8,CE,1250,April,Middle East,GHC-APR-0042,military,Ayyubids of Egypt capture King Louis IX of France in the Battle of Fariskur.,Battle of Fariskur,"April 8, 1250 CE",https://en.wikipedia.org/wiki/April_8,1250-04-08,Fariskur,"April 8, 1250",Wikipedia — April 8,exact,Crusades,Egypt,Gregorian,evidence-based partial coverage,Louis IX of France,Ayyubids of Egypt; Seventh Crusade,regional,secondary source; page cites references,20,verified against dated source entry,6,8
8,CE,1812,April,Europe,GHC-APR-0043,political,Czar Alexander I officially announces the transfer of the status of the Finnish capital from Turku to Helsinki.,Finnish Capital Transfer,"April 8, 1812 CE",https://en.wikipedia.org/wiki/April_8,1812-04-08,Helsinki; Turku,"April 8, 1812",Wikipedia — April 8,exact,capital relocation,Finland,Gregorian,evidence-based partial coverage,Alexander I,Grand Duchy of Finland,regional,secondary source; page cites references,20,verified against dated source entry,6,8
8,CE,1820,April,Europe,GHC-APR-0044,cultural,The Venus de Milo is discovered on the Aegean island of Milos.,Discovery of the Venus de Milo,"April 8, 1820 CE",https://en.wikipedia.org/wiki/April_8,1820-04-08,Milos,"April 8, 1820",Wikipedia — April 8,exact,art discovery,Greece,Gregorian,evidence-based partial coverage,,Venus de Milo,regional,secondary source; page cites references,20,verified against dated source entry,6,8
8,CE,1904,April,Europe,GHC-APR-0045,political,The French Third Republic and the United Kingdom of Great Britain and Ireland sign the Entente cordiale.,Entente Cordiale,"April 8, 1904 CE",https://en.wikipedia.org/wiki/April_8,1904-04-08,,"April 8, 1904",Wikipedia — April 8,exact,international relations,France; United Kingdom,Gregorian,evidence-based partial coverage,,French Third Republic; United Kingdom of Great Britain and Ireland,regional,secondary source; page cites references,20,verified against dated source entry,6,8
8,CE,1959,April,North America,GHC-APR-0046,science_technology,"A team of computer manufacturers, users, and university people led by Grace Hopper meets to discuss the creation of a new programming language that would be called COBOL.",COBOL Planning Meeting,"April 8, 1959 CE",https://en.wikipedia.org/wiki/April_8,1959-04-08,,"April 8, 1959",Wikipedia — April 8,exact,programming language,United States,Gregorian,evidence-based partial coverage,Grace Hopper,COBOL,regional,secondary source; page cites references,20,verified against dated source entry,6,8
8,CE,2005,April,Global,GHC-APR-0047,science_technology,"A solar eclipse occurs, visible over areas of the Pacific Ocean and Latin American countries such as Costa Rica, Panama, Colombia and Venezuela.",Solar Eclipse of 2005,"April 8, 2005 CE",https://en.wikipedia.org/wiki/April_8,2005-04-08,,"April 8, 2005",Wikipedia — April 8,exact,astronomical event,Costa Rica; Panama; Colombia; Venezuela,Gregorian,evidence-based partial coverage,,,global,secondary source; page cites references,20,verified against dated source entry,6,9
9,CE,1241,April,Europe,GHC-APR-0048,military,Mongol forces defeated the Polish and German armies at the Battle of Liegnitz.,Battle of Liegnitz,"April 9, 1241 CE",https://en.wikipedia.org/wiki/April_9,1241-04-09,Liegnitz,"April 9, 1241",Wikipedia — April 9,exact,Mongol invasions,Poland,Gregorian,evidence-based partial coverage,,Mongol Empire,regional,secondary source; page cites references,20,verified against dated source entry,6,8
9,CE,1682,April,North America,GHC-APR-0049,exploration,"Robert Cavelier de La Salle discovered the mouth of the Mississippi River, claimed it for France, and named it Louisiana.",La Salle Claims Louisiana,"April 9, 1682 CE",https://en.wikipedia.org/wiki/April_9,1682-04-09,,"April 9, 1682",Wikipedia — April 9,exact,Colonial exploration,United States,Gregorian,evidence-based partial coverage,Robert Cavelier de La Salle,France,regional,secondary source; page cites references,20,verified against dated source entry,6,8
9,CE,1865,April,North America,GHC-APR-0050,military,"Robert E. Lee surrendered the Army of Northern Virginia to Ulysses S. Grant at Appomattox Court House, effectively ending the American Civil War.",Lee Surrenders at Appomattox,"April 9, 1865 CE",https://en.wikipedia.org/wiki/April_9,1865-04-09,Appomattox Court House,"April 9, 1865",Wikipedia — April 9,exact,American Civil War,United States,Gregorian,evidence-based partial coverage,Robert E. Lee; Ulysses S. Grant,United States,regional,secondary source; page cites references,20,verified against dated source entry,6,8
9,CE,1940,April,Europe,GHC-APR-0051,military,Germany invaded Denmark and Norway during World War II in Operation Weserübung.,Germany Invades Denmark and Norway,"April 9, 1940 CE",https://en.wikipedia.org/wiki/April_9,1940-04-09,,"April 9, 1940",Wikipedia — April 9,exact,World War II,Denmark; Norway,Gregorian,evidence-based partial coverage,,Nazi Germany,regional,secondary source; page cites references,20,verified against dated source entry,6,8
9,CE,1947,April,North America,GHC-APR-0052,social,"The Journey of Reconciliation, described as the first interracial Freedom Ride, began through the upper South in violation of Jim Crow laws.",Journey of Reconciliation Begins,"April 9, 1947 CE",https://en.wikipedia.org/wiki/April_9,1947-04-09,,"April 9, 1947",Wikipedia — April 9,exact,Civil rights,United States,Gregorian,evidence-based partial coverage,,United States,regional,secondary source; page cites references,20,verified against dated source entry,6,8
9,CE,2003,April,Middle East,GHC-APR-0053,military,"During the Iraq War, Baghdad fell to American forces.",Fall of Baghdad,"April 9, 2003 CE",https://en.wikipedia.org/wiki/April_9,2003-04-09,Baghdad,"April 9, 2003",Wikipedia — April 9,exact,Iraq War,Iraq,Gregorian,evidence-based partial coverage,,Iraq,regional,secondary source; page cites references,20,verified against dated source entry,6,8
10,CE,1545,April,South America,GHC-APR-0054,economic,"The settlement of Villa Imperial de Carlos V, now Potosí, is founded in Bolivia after the discovery of huge silver deposits.",Founding of Potosí,"April 10, 1545 CE",https://en.wikipedia.org/wiki/April_10,1545-04-10,Potosí,"April 10, 1545",Wikipedia — April 10,exact,Mining settlement,Bolivia,Gregorian,evidence-based partial coverage,,Villa Imperial de Carlos V,regional,secondary source; page cites references,20,verified against dated source entry,6,8
10,CE,1710,April,Europe,GHC-APR-0055,social,"The Statute of Anne, the first law regulating copyright, comes into force in Great Britain.",Statute of Anne takes effect,"April 10, 1710 CE",https://en.wikipedia.org/wiki/April_10,1710-04-10,,"April 10, 1710",Wikipedia — April 10,exact,Copyright law,United Kingdom,Gregorian,evidence-based partial coverage,,Great Britain,regional,secondary source; page cites references,20,verified against dated source entry,6,8
10,CE,1815,April,Asia,GHC-APR-0056,disaster,"Mount Tambora begins a three-month-long eruption that ultimately kills 71,000 people and affects Earth's climate for the next two years.",Mount Tambora eruption begins,"April 10, 1815 CE",https://en.wikipedia.org/wiki/April_10,1815-04-10,,"April 10, 1815",Wikipedia — April 10,exact,Volcanic eruption,Indonesia,Gregorian,evidence-based partial coverage,,Mount Tambora,regional,secondary source; page cites references,20,verified against dated source entry,6,8
10,CE,1912,April,Europe,GHC-APR-0057,exploration,"RMS Titanic sets sail from Southampton, UK, on its maiden and only voyage.",RMS Titanic begins maiden voyage,"April 10, 1912 CE",https://en.wikipedia.org/wiki/April_10,1912-04-10,Southampton,"April 10, 1912",Wikipedia — April 10,exact,Ocean liner voyage,United Kingdom,Gregorian,evidence-based partial coverage,,RMS Titanic,global,secondary source; page cites references,20,verified against dated source entry,6,9
10,CE,1963,April,North America,GHC-APR-0058,disaster,"The submarine USS Thresher sinks at sea, killing 129 American sailors.",USS Thresher sinks,"April 10, 1963 CE",https://en.wikipedia.org/wiki/April_10,1963-04-10,,"April 10, 1963",Wikipedia — April 10,exact,Submarine disaster,United States,Gregorian,evidence-based partial coverage,,USS Thresher,regional,secondary source; page cites references,20,verified against dated source entry,6,8
10,CE,1998,April,Europe,GHC-APR-0059,political,The Good Friday Agreement is signed in Northern Ireland.,Good Friday Agreement signed,"April 10, 1998 CE",https://en.wikipedia.org/wiki/April_10,1998-04-10,,"April 10, 1998",Wikipedia — April 10,exact,Peace agreement,United Kingdom,Gregorian,evidence-based partial coverage,,Good Friday Agreement,regional,secondary source; page cites references,20,verified against dated source entry,6,8
11,CE,1713,April,Europe,GHC-APR-0060,political,"France and Great Britain sign the Treaty of Utrecht, bringing an end to the War of the Spanish Succession.",Treaty of Utrecht,"April 11, 1713 CE",https://en.wikipedia.org/wiki/April_11,1713-04-11,Utrecht,"April 11, 1713",Wikipedia — April 11,exact,peace treaty,France; United Kingdom; Spain,Gregorian,evidence-based partial coverage,Philip V; Queen Anne,France; Great Britain; Spain,global,secondary source; page cites references,20,verified against dated source entry,6,9
11,CE,1868,April,Asia,GHC-APR-0061,political,"Tokugawa Yoshinobu surrenders Edo Castle to Imperial forces, marking the end of the Tokugawa shogunate.",Surrender of Edo Castle,"April 11, 1868 CE",https://en.wikipedia.org/wiki/April_11,1868-04-11,Edo,"April 11, 1868",Wikipedia — April 11,exact,regime transition,Japan,Gregorian,evidence-based partial coverage,Tokugawa Yoshinobu,Tokugawa shogunate,regional,secondary source; page cites references,20,verified against dated source entry,6,8
11,CE,1909,April,Middle East,GHC-APR-0062,social,The city of Tel Aviv is founded.,Founding of Tel Aviv,"April 11, 1909 CE",https://en.wikipedia.org/wiki/April_11,1909-04-11,Tel Aviv,"April 11, 1909",Wikipedia — April 11,exact,urban founding,Israel,Gregorian,evidence-based partial coverage,,Tel Aviv,regional,secondary source; page cites references,20,verified against dated source entry,6,8
11,CE,1945,April,Europe,GHC-APR-0063,military,American forces liberate the Buchenwald concentration camp.,Liberation of Buchenwald,"April 11, 1945 CE",https://en.wikipedia.org/wiki/April_11,1945-04-11,Buchenwald,"April 11, 1945",Wikipedia — April 11,exact,World War II liberation,Germany,Gregorian,evidence-based partial coverage,,Buchenwald concentration camp,regional,secondary source; page cites references,20,verified against dated source entry,6,8
11,CE,1968,April,North America,GHC-APR-0064,political,"US President Lyndon B. Johnson signs the Civil Rights Act of 1968, prohibiting discrimination in the sale, rental, and financing of housing.",Civil Rights Act of 1968,"April 11, 1968 CE",https://en.wikipedia.org/wiki/April_11,1968-04-11,,"April 11, 1968",Wikipedia — April 11,exact,civil rights legislation,United States,Gregorian,evidence-based partial coverage,Lyndon B. Johnson,United States,regional,secondary source; page cites references,20,verified against dated source entry,6,8
11,CE,1970,April,North America,GHC-APR-0065,science_technology,Apollo 13 is launched as part of the Apollo Program.,Apollo 13 Launch,"April 11, 1970 CE",https://en.wikipedia.org/wiki/April_11,1970-04-11,,"April 11, 1970",Wikipedia — April 11,exact,spaceflight,United States,Gregorian,evidence-based partial coverage,,Apollo Program,regional,secondary source; page cites references,20,verified against dated source entry,6,8
12,CE,1204,April,Europe,GHC-APR-0066,military,"The Crusaders of the Fourth Crusade breached the walls of Constantinople and entered the city, which they completely occupied the following day.",Fourth Crusade captures Constantinople,"April 12, 1204 CE",https://en.wikipedia.org/wiki/April_12,1204-04-12,Constantinople,"April 12, 1204",Wikipedia — April 12,exact,Crusades,Turkey,Gregorian,evidence-based partial coverage,,Byzantine Empire,regional,secondary source; page cites references,20,verified against dated source entry,6,8
12,CE,1776,April,North America,GHC-APR-0067,political,The North Carolina Provincial Congress authorized its Congressional delegation to vote for independence from Britain through the Halifax Resolves.,Halifax Resolves,"April 12, 1776 CE",https://en.wikipedia.org/wiki/April_12,1776-04-12,Halifax,"April 12, 1776",Wikipedia — April 12,exact,American Revolution,United States,Gregorian,evidence-based partial coverage,,North Carolina Provincial Congress,regional,secondary source; page cites references,20,verified against dated source entry,6,8
12,CE,1861,April,North America,GHC-APR-0068,military,"Confederate forces fired on Fort Sumter in the harbor of Charleston, South Carolina, beginning the American Civil War.",Battle of Fort Sumter,"April 12, 1861 CE",https://en.wikipedia.org/wiki/April_12,1861-04-12,Charleston,"April 12, 1861",Wikipedia — April 12,exact,American Civil War,United States,Gregorian,evidence-based partial coverage,,Confederate States of America,regional,secondary source; page cites references,20,verified against dated source entry,6,8
12,CE,1917,April,Europe,GHC-APR-0069,military,Canadian forces successfully completed the taking of Vimy Ridge from the Germans during World War I.,Canadian capture of Vimy Ridge,"April 12, 1917 CE",https://en.wikipedia.org/wiki/April_12,1917-04-12,Vimy Ridge,"April 12, 1917",Wikipedia — April 12,exact,World War I,France,Gregorian,evidence-based partial coverage,,Canadian forces,regional,secondary source; page cites references,20,verified against dated source entry,6,8
12,CE,1961,April,Global,GHC-APR-0070,exploration,Soviet cosmonaut Yuri Gagarin became the first human to travel into outer space and perform the first crewed orbital flight.,Vostok 1 orbital flight,"April 12, 1961 CE",https://en.wikipedia.org/wiki/April_12,1961-04-12,,"April 12, 1961",Wikipedia — April 12,exact,Space exploration,Russia,Gregorian,evidence-based partial coverage,Yuri Gagarin,Soviet Union,global,secondary source; page cites references,20,verified against dated source entry,6,9
12,CE,1981,April,North America,GHC-APR-0071,science_technology,"The first launch of a Space Shuttle, Columbia, took place on the STS-1 mission.",First Space Shuttle launch,"April 12, 1981 CE",https://en.wikipedia.org/wiki/April_12,1981-04-12,,"April 12, 1981",Wikipedia — April 12,exact,Spaceflight,United States,Gregorian,evidence-based partial coverage,,NASA,regional,secondary source; page cites references,20,verified against dated source entry,6,8
13,CE,1204,April,Europe,GHC-APR-0072,military,"Constantinople falls to the Crusaders of the Fourth Crusade, temporarily ending the Byzantine Empire.",Fall of Constantinople,"April 13, 1204 CE",https://en.wikipedia.org/wiki/April_13,1204-04-13,Constantinople,"April 13, 1204",Wikipedia — April 13,exact,Crusades,Turkey,Gregorian,evidence-based partial coverage,,Byzantine Empire,regional,secondary source; page cites references,20,verified against dated source entry,6,8
13,CE,1699,April,Asia,GHC-APR-0073,social,"The Sikh religion is formalised as the Khalsa, the brotherhood of Warrior-Saints, by Guru Gobind Singh in northern India.",Formation of the Khalsa,"April 13, 1699 CE",https://en.wikipedia.org/wiki/April_13,1699-04-13,,"April 13, 1699",Wikipedia — April 13,exact,Religious formation,India,Gregorian,evidence-based partial coverage,Guru Gobind Singh,Sikhism,regional,secondary source; page cites references,20,verified against dated source entry,6,8
13,CE,1742,April,Europe,GHC-APR-0074,cultural,"George Frideric Handel's oratorio Messiah makes its world premiere in Dublin, Ireland.",Premiere of Messiah,"April 13, 1742 CE",https://en.wikipedia.org/wiki/April_13,1742-04-13,Dublin,"April 13, 1742",Wikipedia — April 13,exact,Music,Ireland,Gregorian,evidence-based partial coverage,George Frideric Handel,Messiah,regional,secondary source; page cites references,20,verified against dated source entry,6,8
13,CE,1919,April,Asia,GHC-APR-0075,military,"British Indian Army troops led by Brigadier-General Reginald Dyer kill approximately 379–1,000 unarmed demonstrators in Amritsar, India.",Jallianwala Bagh massacre,"April 13, 1919 CE",https://en.wikipedia.org/wiki/April_13,1919-04-13,Amritsar,"April 13, 1919",Wikipedia — April 13,exact,Massacre,India,Gregorian,evidence-based partial coverage,Reginald Dyer,British Indian Army,regional,secondary source; page cites references,20,verified against dated source entry,6,8
13,CE,1960,April,North America,GHC-APR-0076,science_technology,"The United States launches Transit 1-B, the world's first satellite navigation system.",Launch of Transit 1-B,"April 13, 1960 CE",https://en.wikipedia.org/wiki/April_13,1960-04-13,,"April 13, 1960",Wikipedia — April 13,exact,Satellite navigation,United States,Gregorian,evidence-based partial coverage,,Transit 1-B,regional,secondary source; page cites references,20,verified against dated source entry,6,8
13,CE,1970,April,Global,GHC-APR-0077,science_technology,"An oxygen tank aboard the Apollo 13 Service Module explodes, putting the crew in great danger and causing major damage to the spacecraft while en route to the Moon.",Apollo 13 oxygen-tank explosion,"April 13, 1970 CE",https://en.wikipedia.org/wiki/April_13,1970-04-13,,"April 13, 1970",Wikipedia — April 13,exact,Spaceflight accident,United States,Gregorian,evidence-based partial coverage,,Apollo 13,global,secondary source; page cites references,20,verified against dated source entry,6,9
14,CE,966,April,Europe,GHC-APR-0078,political,"Following his marriage to the Christian Doubravka of Bohemia, Mieszko I converts to Christianity, an event considered the founding of the Polish state.",Mieszko I Converts to Christianity,"April 14, 966 CE",https://en.wikipedia.org/wiki/April_14,0966-04-14,,"April 14, 966",Wikipedia — April 14,exact,Christianization and state formation,Poland,Gregorian,evidence-based partial coverage,Mieszko I; Doubravka of Bohemia,Polans,regional,secondary source; page cites references,20,verified against dated source entry,6,8
14,CE,1775,April,North America,GHC-APR-0079,social,"The Society for the Relief of Free Negroes Unlawfully Held in Bondage, the first abolition society in North America, is organized in Philadelphia.",First North American Abolition Society Organized,"April 14, 1775 CE",https://en.wikipedia.org/wiki/April_14,1775-04-14,Philadelphia,"April 14, 1775",Wikipedia — April 14,exact,Abolitionism,United States,Gregorian,evidence-based partial coverage,Benjamin Franklin; Benjamin Rush,Society for the Relief of Free Negroes Unlawfully Held in Bondage,regional,secondary source; page cites references,20,verified against dated source entry,6,8
14,CE,1849,April,Europe,GHC-APR-0080,political,Hungary declares itself independent of Austria with Lajos Kossuth as its leader.,Hungary Declares Independence,"April 14, 1849 CE",https://en.wikipedia.org/wiki/April_14,1849-04-14,,"April 14, 1849",Wikipedia — April 14,exact,National independence,Hungary,Gregorian,evidence-based partial coverage,Lajos Kossuth,Hungary,regional,secondary source; page cites references,20,verified against dated source entry,6,8
14,CE,1865,April,North America,GHC-APR-0081,political,U.S. President Abraham Lincoln is shot at Ford's Theatre by John Wilkes Booth and dies the following day.,Lincoln Shot at Ford's Theatre,"April 14, 1865 CE",https://en.wikipedia.org/wiki/April_14,1865-04-14,"Washington, D.C.","April 14, 1865",Wikipedia — April 14,exact,Assassination,United States,Gregorian,evidence-based partial coverage,Abraham Lincoln; John Wilkes Booth,United States,regional,secondary source; page cites references,20,verified against dated source entry,6,8
14,CE,1912,April,Global,GHC-APR-0082,disaster,The British passenger liner RMS Titanic hits an iceberg in the North Atlantic and begins to sink.,RMS Titanic Hits an Iceberg,"April 14, 1912 CE",https://en.wikipedia.org/wiki/April_14,1912-04-14,,"April 14, 1912",Wikipedia — April 14,exact,Maritime disaster,United Kingdom,Gregorian,evidence-based partial coverage,,RMS Titanic,global,secondary source; page cites references,20,verified against dated source entry,6,9
14,CE,2003,April,Global,GHC-APR-0083,science_technology,The Human Genome Project is completed with 99% of the human genome sequenced to an accuracy of 99.99%.,Human Genome Project Completed,"April 14, 2003 CE",https://en.wikipedia.org/wiki/April_14,2003-04-14,,"April 14, 2003",Wikipedia — April 14,exact,Genomics,,Gregorian,evidence-based partial coverage,,Human Genome Project,global,secondary source; page cites references,20,verified against dated source entry,6,9
15,CE,1450,April,Europe,GHC-APR-0084,military,"French forces attacked and nearly annihilated English forces, ending English domination in Northern France during the Hundred Years' War.",Battle of Formigny,"April 15, 1450 CE",https://en.wikipedia.org/wiki/April_15,1450-04-15,Formigny,"April 15, 1450",Wikipedia — April 15,exact,Hundred Years' War,France,Gregorian,evidence-based partial coverage,,Kingdom of France,regional,secondary source; page cites references,20,verified against dated source entry,6,8
15,CE,1755,April,Europe,GHC-APR-0085,cultural,Samuel Johnson's A Dictionary of the English Language was published in London.,Publication of A Dictionary of the English Language,"April 15, 1755 CE",https://en.wikipedia.org/wiki/April_15,1755-04-15,London,"April 15, 1755",Wikipedia — April 15,exact,Reference work,United Kingdom,Gregorian,evidence-based partial coverage,Samuel Johnson,A Dictionary of the English Language,regional,secondary source; page cites references,20,verified against dated source entry,6,8
15,CE,1817,April,North America,GHC-APR-0086,social,"Thomas Hopkins Gallaudet and Laurent Clerc founded the American School for the Deaf in Hartford, Connecticut, the first American school for deaf students.",Founding of the American School for the Deaf,"April 15, 1817 CE",https://en.wikipedia.org/wiki/April_15,1817-04-15,Hartford,"April 15, 1817",Wikipedia — April 15,exact,Education,United States,Gregorian,evidence-based partial coverage,Thomas Hopkins Gallaudet; Laurent Clerc,American School for the Deaf,regional,secondary source; page cites references,20,verified against dated source entry,6,8
15,CE,1912,April,North America,GHC-APR-0087,disaster,"RMS Titanic sank in the North Atlantic at 2:20 a.m., two hours and forty minutes after hitting an iceberg, with only 710 of 2,224 passengers and crew surviving.",Sinking of RMS Titanic,"April 15, 1912 CE",https://en.wikipedia.org/wiki/April_15,1912-04-15,,"April 15, 1912",Wikipedia — April 15,exact,Maritime disaster,,Gregorian,evidence-based partial coverage,,RMS Titanic,global,secondary source; page cites references,20,verified against dated source entry,6,9
15,CE,1945,April,Europe,GHC-APR-0088,military,Bergen-Belsen concentration camp was liberated.,Liberation of Bergen-Belsen,"April 15, 1945 CE",https://en.wikipedia.org/wiki/April_15,1945-04-15,Bergen-Belsen,"April 15, 1945",Wikipedia — April 15,exact,World War II,Germany,Gregorian,evidence-based partial coverage,,Bergen-Belsen concentration camp,regional,secondary source; page cites references,20,verified against dated source entry,6,8
15,CE,1994,April,Africa,GHC-APR-0089,economic,The Marrakesh Agreement relating to the foundation of the World Trade Organization was adopted.,Adoption of the Marrakesh Agreement,"April 15, 1994 CE",https://en.wikipedia.org/wiki/April_15,1994-04-15,Marrakesh,"April 15, 1994",Wikipedia — April 15,exact,International trade,Morocco,Gregorian,evidence-based partial coverage,,World Trade Organization,regional,secondary source; page cites references,20,verified against dated source entry,6,8
16,CE,73,April,Middle East,GHC-APR-0090,military,"Masada, a Jewish fortress, falls to the Romans after several months of siege, ending the First Jewish–Roman War.",Fall of Masada,"April 16, 73 CE",https://en.wikipedia.org/wiki/April_16,0073-04-16,Masada,"April 16, 73",Wikipedia — April 16,exact,Roman conquest,Israel,Gregorian,evidence-based partial coverage,,Roman Empire,regional,secondary source; page cites references,20,verified against dated source entry,6,8
16,CE,1346,April,Europe,GHC-APR-0091,political,"Stefan Dušan, ""the Mighty"", is crowned Emperor of the Serbs at Skopje, his empire occupying much of the Balkans.",Coronation of Stefan Dušan,"April 16, 1346 CE",https://en.wikipedia.org/wiki/April_16,1346-04-16,Skopje,"April 16, 1346",Wikipedia — April 16,exact,Imperial coronation,North Macedonia,Gregorian,evidence-based partial coverage,Stefan Dušan,Serbian Empire,regional,secondary source; page cites references,20,verified against dated source entry,6,8
16,CE,1746,April,Europe,GHC-APR-0092,military,"The Battle of Culloden is fought between the French-supported Jacobites and the British Hanoverian forces commanded by William Augustus, Duke of Cumberland, in Scotland.",Battle of Culloden,"April 16, 1746 CE",https://en.wikipedia.org/wiki/April_16,1746-04-16,Culloden,"April 16, 1746",Wikipedia — April 16,exact,Jacobite rising,United Kingdom,Gregorian,evidence-based partial coverage,"William Augustus, Duke of Cumberland",Kingdom of Great Britain,regional,secondary source; page cites references,20,verified against dated source entry,6,8
16,CE,1853,April,Asia,GHC-APR-0093,science_technology,"The Great Indian Peninsula Railway opens the first passenger rail in India, from Bori Bunder to Thane.",First Passenger Railway in India,"April 16, 1853 CE",https://en.wikipedia.org/wiki/April_16,1853-04-16,Bori Bunder–Thane,"April 16, 1853",Wikipedia — April 16,exact,Railway transport,India,Gregorian,evidence-based partial coverage,,Great Indian Peninsula Railway,regional,secondary source; page cites references,20,verified against dated source entry,6,8
16,CE,1943,April,Europe,GHC-APR-0094,science_technology,Albert Hofmann accidentally discovers the hallucinogenic effects of the research drug LSD.,Discovery of LSD Effects,"April 16, 1943 CE",https://en.wikipedia.org/wiki/April_16,1943-04-16,,"April 16, 1943",Wikipedia — April 16,exact,Pharmacology,Switzerland,Gregorian,evidence-based partial coverage,Albert Hofmann,,regional,secondary source; page cites references,20,verified against dated source entry,6,8
16,CE,1947,April,North America,GHC-APR-0095,disaster,"An explosion on board a freighter in port causes Texas City in the state of Texas, United States, to catch fire, killing almost 600 people.",Texas City Disaster,"April 16, 1947 CE",https://en.wikipedia.org/wiki/April_16,1947-04-16,Texas City,"April 16, 1947",Wikipedia — April 16,exact,Industrial explosion,United States,Gregorian,evidence-based partial coverage,,,regional,secondary source; page cites references,20,verified against dated source entry,6,8
17,CE,1492,April,Europe,GHC-APR-0096,exploration,Spain and Christopher Columbus sign the Capitulations of Santa Fe for his voyage to Asia to acquire spices.,Capitulations of Santa Fe,"April 17, 1492 CE",https://en.wikipedia.org/wiki/April_17,1492-04-17,Santa Fe,"April 17, 1492",Wikipedia — April 17,exact,voyage agreement,Spain,Gregorian,evidence-based partial coverage,Christopher Columbus,Spanish Crown,regional,secondary source; page cites references,20,verified against dated source entry,6,8
17,CE,1521,April,Europe,GHC-APR-0097,cultural,"The trial of Martin Luther over his teachings begins during the assembly of the Diet of Worms, and he receives a one-day stay before answering.",Trial of Martin Luther,"April 17, 1521 CE",https://en.wikipedia.org/wiki/April_17,1521-04-17,Worms,"April 17, 1521",Wikipedia — April 17,exact,religious reform,Germany,Gregorian,evidence-based partial coverage,Martin Luther,Holy Roman Empire,regional,secondary source; page cites references,20,verified against dated source entry,6,8
17,CE,1861,April,North America,GHC-APR-0098,political,Virginia's secession convention votes to secede from the United States.,Virginia Secession,"April 17, 1861 CE",https://en.wikipedia.org/wiki/April_17,1861-04-17,Richmond,"April 17, 1861",Wikipedia — April 17,exact,secession,United States,Gregorian,evidence-based partial coverage,,Virginia,regional,secondary source; page cites references,20,verified against dated source entry,6,8
17,CE,1895,April,Asia,GHC-APR-0099,political,"The Treaty of Shimonoseki ends the First Sino-Japanese War and forces the Qing Empire to renounce its claims on Korea and concede Taiwan, the Penghu, and the southern portion of Fengtian province to Japan.",Treaty of Shimonoseki,"April 17, 1895 CE",https://en.wikipedia.org/wiki/April_17,1895-04-17,Shimonoseki,"April 17, 1895",Wikipedia — April 17,exact,peace treaty,China; Japan,Gregorian,evidence-based partial coverage,,Qing Empire; Empire of Japan,regional,secondary source; page cites references,20,verified against dated source entry,6,8
17,CE,1961,April,North America,GHC-APR-0100,military,A group of Cuban exiles financed and trained by the CIA lands at the Bay of Pigs in Cuba with the aim of ousting Fidel Castro.,Bay of Pigs Invasion,"April 17, 1961 CE",https://en.wikipedia.org/wiki/April_17,1961-04-17,Bay of Pigs,"April 17, 1961",Wikipedia — April 17,exact,invasion,Cuba,Gregorian,evidence-based partial coverage,Fidel Castro,Cuba,regional,secondary source; page cites references,20,verified against dated source entry,6,8
17,CE,1970,April,Global,GHC-APR-0101,science_technology,The damaged Apollo 13 spacecraft returns to Earth safely.,Apollo 13 Returns Safely,"April 17, 1970 CE",https://en.wikipedia.org/wiki/April_17,1970-04-17,,"April 17, 1970",Wikipedia — April 17,exact,spaceflight,United States,Gregorian,evidence-based partial coverage,,Apollo program,global,secondary source; page cites references,20,verified against dated source entry,6,9
18,CE,1506,April,Europe,GHC-APR-0102,cultural,The cornerstone of the current St. Peter's Basilica is laid.,St. Peter's Basilica cornerstone laid,"April 18, 1506 CE",https://en.wikipedia.org/wiki/April_18,1506-04-18,Rome,"April 18, 1506",Wikipedia — April 18,exact,Religious architecture,Vatican City,Gregorian,evidence-based partial coverage,,St. Peter's Basilica,regional,secondary source; page cites references,20,verified against dated source entry,6,8
18,CE,1521,April,Europe,GHC-APR-0103,political,"During the second day of his trial at the Diet of Worms, Martin Luther refuses to recant his teachings despite the risk of excommunication.",Martin Luther refuses to recant at Worms,"April 18, 1521 CE",https://en.wikipedia.org/wiki/April_18,1521-04-18,Worms,"April 18, 1521",Wikipedia — April 18,exact,Reformation,Germany,Gregorian,evidence-based partial coverage,Martin Luther,Diet of Worms,regional,secondary source; page cites references,20,verified against dated source entry,6,8
18,CE,1775,April,North America,GHC-APR-0104,military,"During the American Revolution, the British Army advances up the Charles River to destroy American militia supplies while Paul Revere and other riders warn the countryside.",British advance on Massachusetts militias,"April 18, 1775 CE",https://en.wikipedia.org/wiki/April_18,1775-04-18,Boston,"April 18, 1775",Wikipedia — April 18,exact,American Revolution,United States,Gregorian,evidence-based partial coverage,Paul Revere,American Revolution,regional,secondary source; page cites references,20,verified against dated source entry,6,8
18,CE,1906,April,North America,GHC-APR-0105,disaster,"A magnitude 7.9 earthquake and subsequent fire destroy much of San Francisco, California, killing more than 3,000 people.",San Francisco earthquake and fire,"April 18, 1906 CE",https://en.wikipedia.org/wiki/April_18,1906-04-18,San Francisco,"April 18, 1906",Wikipedia — April 18,exact,Earthquake,United States,Gregorian,evidence-based partial coverage,,,regional,secondary source; page cites references,20,verified against dated source entry,6,8
18,CE,1942,April,Asia,GHC-APR-0106,military,"During World War II, Tokyo, Yokohama, Kobe, and Nagoya are bombed in the Doolittle Raid on Japan.",Doolittle Raid on Japan,"April 18, 1942 CE",https://en.wikipedia.org/wiki/April_18,1942-04-18,Tokyo,"April 18, 1942",Wikipedia — April 18,exact,World War II air raid,Japan,Gregorian,evidence-based partial coverage,,Doolittle Raid,regional,secondary source; page cites references,20,verified against dated source entry,6,8
18,CE,1955,April,Asia,GHC-APR-0107,political,"Twenty-nine nations meet in Bandung, Indonesia, for the first Asian-African Conference.",Bandung Conference begins,"April 18, 1955 CE",https://en.wikipedia.org/wiki/April_18,1955-04-18,Bandung,"April 18, 1955",Wikipedia — April 18,exact,International conference,Indonesia,Gregorian,evidence-based partial coverage,,Asian-African Conference,regional,secondary source; page cites references,20,verified against dated source entry,6,8
19,CE,1775,April,North America,GHC-APR-0108,military,The American Revolutionary War begins with American minutemen and other militia defeating British forces in the Battles of Lexington and Concord.,Battles of Lexington and Concord,"April 19, 1775 CE",https://en.wikipedia.org/wiki/April_19,1775-04-19,Lexington and Concord,"April 19, 1775",Wikipedia — April 19,exact,American Revolutionary War,United States,Gregorian,evidence-based partial coverage,,American colonies; Great Britain,regional,secondary source; page cites references,20,verified against dated source entry,6,8
19,CE,1810,April,South America,GHC-APR-0109,political,"The people of Caracas remove Governor Vicente Emparán and install a junta, achieving home rule for Venezuela.",Venezuelan Home Rule,"April 19, 1810 CE",https://en.wikipedia.org/wiki/April_19,1810-04-19,Caracas,"April 19, 1810",Wikipedia — April 19,exact,Independence movement,Venezuela,Gregorian,evidence-based partial coverage,Vicente Emparán,Captaincy General of Venezuela,regional,secondary source; page cites references,20,verified against dated source entry,6,8
19,CE,1943,April,Europe,GHC-APR-0110,military,The Warsaw Ghetto Uprising begins after German troops enter the ghetto to round up the remaining Jews.,Warsaw Ghetto Uprising,"April 19, 1943 CE",https://en.wikipedia.org/wiki/April_19,1943-04-19,Warsaw,"April 19, 1943",Wikipedia — April 19,exact,World War II resistance,Poland,Gregorian,evidence-based partial coverage,,Warsaw Ghetto; German occupation forces,regional,secondary source; page cites references,20,verified against dated source entry,6,8
19,CE,1960,April,Asia,GHC-APR-0111,social,"Students in South Korea hold a nationwide pro-democracy protest against President Syngman Rhee, eventually forcing him to resign.",South Korean Pro-Democracy Protests,"April 19, 1960 CE",https://en.wikipedia.org/wiki/April_19,1960-04-19,,"April 19, 1960",Wikipedia — April 19,exact,Pro-democracy movement,South Korea,Gregorian,evidence-based partial coverage,Syngman Rhee,South Korea,regional,secondary source; page cites references,20,verified against dated source entry,6,8
19,CE,1971,April,Asia,GHC-APR-0112,science_technology,"Salyut 1, the first space station, is launched.",Launch of Salyut 1,"April 19, 1971 CE",https://en.wikipedia.org/wiki/April_19,1971-04-19,,"April 19, 1971",Wikipedia — April 19,exact,Space exploration,Russia,Gregorian,evidence-based partial coverage,,Salyut 1,regional,secondary source; page cites references,20,verified against dated source entry,6,8
19,CE,1995,April,North America,GHC-APR-0113,disaster,"The Alfred P. Murrah Federal Building in Oklahoma City is bombed, killing 168 people, including 19 children under six.",Oklahoma City Bombing,"April 19, 1995 CE",https://en.wikipedia.org/wiki/April_19,1995-04-19,Oklahoma City,"April 19, 1995",Wikipedia — April 19,exact,Terrorist attack,United States,Gregorian,evidence-based partial coverage,,Alfred P. Murrah Federal Building,regional,secondary source; page cites references,20,verified against dated source entry,6,8
20,CE,1792,April,Europe,GHC-APR-0114,political,"France declares war against the ""King of Hungary and Bohemia,"" beginning the French Revolutionary Wars.",France Declares War on Austria,"April 20, 1792 CE",https://en.wikipedia.org/wiki/April_20,1792-04-20,,"April 20, 1792",Wikipedia — April 20,exact,war declaration,France,Gregorian,evidence-based partial coverage,,Kingdom of France,regional,secondary source; page cites references,20,verified against dated source entry,6,8
20,CE,1862,April,Europe,GHC-APR-0115,science_technology,Louis Pasteur and Claude Bernard complete the experiment disproving the theory of spontaneous generation.,Pasteur and Bernard Disprove Spontaneous Generation,"April 20, 1862 CE",https://en.wikipedia.org/wiki/April_20,1862-04-20,,"April 20, 1862",Wikipedia — April 20,exact,biology,France,Gregorian,evidence-based partial coverage,Louis Pasteur; Claude Bernard,,regional,secondary source; page cites references,20,verified against dated source entry,6,8
20,CE,1898,April,North America,GHC-APR-0116,military,"U.S. President William McKinley signs a joint resolution to Congress for declaration of war against Spain, beginning the Spanish–American War.",Spanish–American War Begins,"April 20, 1898 CE",https://en.wikipedia.org/wiki/April_20,1898-04-20,,"April 20, 1898",Wikipedia — April 20,exact,war declaration,United States; Spain,Gregorian,evidence-based partial coverage,William McKinley,United States; Spain,regional,secondary source; page cites references,20,verified against dated source entry,6,8
20,CE,1946,April,Global,GHC-APR-0117,political,"The League of Nations officially dissolves, giving most of its power to the United Nations.",League of Nations Dissolves,"April 20, 1946 CE",https://en.wikipedia.org/wiki/April_20,1946-04-20,,"April 20, 1946",Wikipedia — April 20,exact,international organization,,Gregorian,evidence-based partial coverage,,League of Nations; United Nations,global,secondary source; page cites references,20,verified against dated source entry,6,9
20,CE,1972,April,Global,GHC-APR-0118,exploration,"The Apollo 16 Lunar Module Orion, commanded by John Young and piloted by Charles Duke, lands on the Moon.",Apollo 16 Lands on the Moon,"April 20, 1972 CE",https://en.wikipedia.org/wiki/April_20,1972-04-20,,"April 20, 1972",Wikipedia — April 20,exact,lunar exploration,United States,Gregorian,evidence-based partial coverage,John Young; Charles Duke,Apollo program,global,secondary source; page cites references,20,verified against dated source entry,6,9
20,CE,2008,April,Asia,GHC-APR-0119,social,"Danica Patrick wins the Indy Japan 300, becoming the first female driver in history to win an Indy car race.",Danica Patrick Wins Indy Japan 300,"April 20, 2008 CE",https://en.wikipedia.org/wiki/April_20,2008-04-20,,"April 20, 2008",Wikipedia — April 20,exact,sports,Japan,Gregorian,evidence-based partial coverage,Danica Patrick,,regional,secondary source; page cites references,20,verified against dated source entry,6,8
21,CE,1526,April,Asia,GHC-APR-0120,military,"Babur defeated and killed Ibrahim Lodi, the last ruler of the Lodi dynasty, in the First Battle of Panipat.",First Battle of Panipat,"April 21, 1526 CE",https://en.wikipedia.org/wiki/April_21,1526-04-21,Panipat,"April 21, 1526",Wikipedia — April 21,exact,battle,India,Gregorian,evidence-based partial coverage,Babur; Ibrahim Lodi,Mughal Empire,regional,secondary source; page cites references,20,verified against dated source entry,6,8
21,CE,1782,April,Asia,GHC-APR-0121,political,"King Buddha Yodfa Chulaloke founded the city of Rattanakosin, now known internationally as Bangkok, on the eastern bank of the Chao Phraya River.",Founding of Bangkok,"April 21, 1782 CE",https://en.wikipedia.org/wiki/April_21,1782-04-21,Bangkok,"April 21, 1782",Wikipedia — April 21,exact,urban foundation,Thailand,Gregorian,evidence-based partial coverage,King Buddha Yodfa Chulaloke,Kingdom of Rattanakosin,regional,secondary source; page cites references,20,verified against dated source entry,6,8
21,CE,1836,April,North America,GHC-APR-0122,military,Republic of Texas forces under Sam Houston defeated troops under Mexican General Antonio López de Santa Anna in the Battle of San Jacinto.,Battle of San Jacinto,"April 21, 1836 CE",https://en.wikipedia.org/wiki/April_21,1836-04-21,San Jacinto,"April 21, 1836",Wikipedia — April 21,exact,revolutionary battle,United States,Gregorian,evidence-based partial coverage,Sam Houston; Antonio López de Santa Anna,Republic of Texas,regional,secondary source; page cites references,20,verified against dated source entry,6,8
21,CE,1960,April,South America,GHC-APR-0123,political,"Brasília was officially inaugurated as Brazil's capital, with the Three Powers of the Republic transferred from Rio de Janeiro.",Inauguration of Brasília,"April 21, 1960 CE",https://en.wikipedia.org/wiki/April_21,1960-04-21,Brasília,"April 21, 1960",Wikipedia — April 21,exact,capital relocation,Brazil,Gregorian,evidence-based partial coverage,,Brazil,regional,secondary source; page cites references,20,verified against dated source entry,6,8
21,CE,1967,April,North America,GHC-APR-0124,disaster,"A tornado outbreak in Illinois killed over 50 people and injured more than 1,000, with Belvidere and Oak Lawn suffering major devastation.",Illinois Tornado Outbreak,"April 21, 1967 CE",https://en.wikipedia.org/wiki/April_21,1967-04-21,Belvidere; Oak Lawn,"April 21, 1967",Wikipedia — April 21,exact,tornado outbreak,United States,Gregorian,evidence-based partial coverage,,,regional,secondary source; page cites references,20,verified against dated source entry,6,8
21,CE,1972,April,Global,GHC-APR-0125,science_technology,"Astronauts John Young and Charles Duke flew Apollo 16's lunar module to the Moon's surface, completing the fifth NASA Apollo crewed lunar landing.",Apollo 16 Lunar Landing,"April 21, 1972 CE",https://en.wikipedia.org/wiki/April_21,1972-04-21,,"April 21, 1972",Wikipedia — April 21,exact,space exploration,United States,Gregorian,evidence-based partial coverage,John Young; Charles Duke,NASA Apollo Program,global,secondary source; page cites references,20,verified against dated source entry,6,9
22,CE,1500,April,South America,GHC-APR-0126,exploration,Portuguese navigator Pedro Álvares Cabral lands in Brazil.,Cabral lands in Brazil,"April 22, 1500 CE",https://en.wikipedia.org/wiki/April_22,1500-04-22,,"April 22, 1500",Wikipedia — April 22,exact,European exploration,Brazil,Gregorian,evidence-based partial coverage,Pedro Álvares Cabral,Portugal,regional,secondary source; page cites references,20,verified against dated source entry,6,8
22,CE,1809,April,Europe,GHC-APR-0127,military,The Austrian army is defeated by the First French Empire army led by Napoleon and driven over the Danube in Regensburg.,Battle of Eckmühl,"April 22, 1809 CE",https://en.wikipedia.org/wiki/April_22,1809-04-22,Regensburg,"April 22, 1809",Wikipedia — April 22,exact,Napoleonic Wars,Germany,Gregorian,evidence-based partial coverage,Napoleon,First French Empire; Austrian army,regional,secondary source; page cites references,20,verified against dated source entry,6,8
22,CE,1915,April,Europe,GHC-APR-0128,military,Chlorine gas is released as a chemical weapon in the Second Battle of Ypres.,Second Battle of Ypres gas attack,"April 22, 1915 CE",https://en.wikipedia.org/wiki/April_22,1915-04-22,Ypres,"April 22, 1915",Wikipedia — April 22,exact,World War I chemical warfare,Belgium,Gregorian,evidence-based partial coverage,,World War I,regional,secondary source; page cites references,20,verified against dated source entry,6,8
22,CE,1944,April,Asia,GHC-APR-0129,science_technology,The 1st Air Commando Group using Sikorsky R-4 helicopters stages the first use of helicopters in combat with combat search and rescue operations in the China Burma India Theater.,First combat use of helicopters,"April 22, 1944 CE",https://en.wikipedia.org/wiki/April_22,1944-04-22,,"April 22, 1944",Wikipedia — April 22,exact,Military aviation,,Gregorian,evidence-based partial coverage,,1st Air Commando Group,regional,secondary source; page cites references,20,verified against dated source entry,6,8
22,CE,1970,April,Global,GHC-APR-0130,social,The first Earth Day is celebrated.,First Earth Day,"April 22, 1970 CE",https://en.wikipedia.org/wiki/April_22,1970-04-22,,"April 22, 1970",Wikipedia — April 22,exact,Environmental movement,,Gregorian,evidence-based partial coverage,,Earth Day,global,secondary source; page cites references,20,verified against dated source entry,6,9
22,CE,1977,April,Global,GHC-APR-0131,science_technology,Optical fiber is first used to carry live telephone traffic.,Optical fiber carries telephone traffic,"April 22, 1977 CE",https://en.wikipedia.org/wiki/April_22,1977-04-22,,"April 22, 1977",Wikipedia — April 22,exact,Telecommunications,,Gregorian,evidence-based partial coverage,,,global,secondary source; page cites references,20,verified against dated source entry,6,9
23,CE,1500,April,South America,GHC-APR-0132,exploration,Portuguese explorer Pedro Alvarez Cabral reaches a new coastline identified as Brazil.,Cabral reaches Brazil,"April 23, 1500 CE",https://en.wikipedia.org/wiki/April_23,1500-04-23,,"April 23, 1500",Wikipedia — April 23,exact,European exploration,Brazil,Gregorian,evidence-based partial coverage,Pedro Alvarez Cabral,Portugal,regional,secondary source; page cites references,20,verified against dated source entry,6,8
23,CE,1635,April,North America,GHC-APR-0133,social,"The first public school in the United States, Boston Latin School, is founded.",Boston Latin School founded,"April 23, 1635 CE",https://en.wikipedia.org/wiki/April_23,1635-04-23,Boston,"April 23, 1635",Wikipedia — April 23,exact,Education,United States,Gregorian,evidence-based partial coverage,,Boston Latin School,regional,secondary source; page cites references,20,verified against dated source entry,6,8
23,CE,1918,April,Europe,GHC-APR-0134,military,"During World War I, the British Royal Navy raids the Belgian port of Bruges-Zeebrugge in an attempt to neutralise it.",Zeebrugge raid,"April 23, 1918 CE",https://en.wikipedia.org/wiki/April_23,1918-04-23,Zeebrugge,"April 23, 1918",Wikipedia — April 23,exact,World War I,Belgium,Gregorian,evidence-based partial coverage,,British Royal Navy,regional,secondary source; page cites references,20,verified against dated source entry,6,8
23,CE,1920,April,Middle East,GHC-APR-0135,political,"The Grand National Assembly of Turkey is founded in Ankara, denounces Sultan Mehmed VI's government, and announces preparation of a temporary constitution.",Turkish Grand National Assembly founded,"April 23, 1920 CE",https://en.wikipedia.org/wiki/April_23,1920-04-23,Ankara,"April 23, 1920",Wikipedia — April 23,exact,National assembly,Turkey,Gregorian,evidence-based partial coverage,Mehmed VI,Grand National Assembly of Turkey,regional,secondary source; page cites references,20,verified against dated source entry,6,8
23,CE,1967,April,Europe,GHC-APR-0136,science_technology,"The Soviet space program launches Soyuz 1, a crewed spaceflight carrying cosmonaut Colonel Vladimir Komarov into orbit.",Soyuz 1 launched,"April 23, 1967 CE",https://en.wikipedia.org/wiki/April_23,1967-04-23,,"April 23, 1967",Wikipedia — April 23,exact,Spaceflight,Russia,Gregorian,evidence-based partial coverage,Vladimir Komarov,Soviet space program,regional,secondary source; page cites references,20,verified against dated source entry,6,8
23,CE,2005,April,North America,GHC-APR-0137,science_technology,"The first YouTube video, titled ""Me at the zoo,"" is published by co-founder Jawed Karim.",First YouTube video published,"April 23, 2005 CE",https://en.wikipedia.org/wiki/April_23,2005-04-23,,"April 23, 2005",Wikipedia — April 23,exact,Online video,United States,Gregorian,evidence-based partial coverage,Jawed Karim,YouTube,regional,secondary source; page cites references,20,verified against dated source entry,6,8
24,CE,1547,April,Europe,GHC-APR-0138,military,"Duke of Alba, commanding Spanish-Imperial forces of Charles I of Spain, defeats the troops of Schmalkaldic League.",Battle of Mühlberg,"April 24, 1547 CE",https://en.wikipedia.org/wiki/April_24,1547-04-24,Mühlberg,"April 24, 1547",Wikipedia — April 24,exact,battle,Germany,Gregorian,evidence-based partial coverage,Duke of Alba; Charles I of Spain,Schmalkaldic League,regional,secondary source; page cites references,20,verified against dated source entry,6,8
24,CE,1800,April,North America,GHC-APR-0139,cultural,"The United States Library of Congress is established when President John Adams signs legislation to appropriate $5,000 to purchase books for Congress.",Library of Congress established,"April 24, 1800 CE",https://en.wikipedia.org/wiki/April_24,1800-04-24,"Washington, D.C.","April 24, 1800",Wikipedia — April 24,exact,institutional founding,United States,Gregorian,evidence-based partial coverage,John Adams,Library of Congress,regional,secondary source; page cites references,20,verified against dated source entry,6,8
24,CE,1915,April,Middle East,GHC-APR-0140,social,The arrest of 250 Armenian intellectuals and community leaders in Istanbul marks the beginning of the Armenian genocide.,Armenian intellectuals arrested,"April 24, 1915 CE",https://en.wikipedia.org/wiki/April_24,1915-04-24,Istanbul,"April 24, 1915",Wikipedia — April 24,exact,persecution,Turkey,Gregorian,evidence-based partial coverage,Armenian intellectuals and community leaders,,regional,secondary source; page cites references,20,verified against dated source entry,6,8
24,CE,1916,April,Europe,GHC-APR-0141,political,Irish rebels led by Patrick Pearse and James Connolly launch an uprising in Dublin against British rule and proclaim an Irish Republic.,Easter Rising begins,"April 24, 1916 CE",https://en.wikipedia.org/wiki/April_24,1916-04-24,Dublin,"April 24, 1916",Wikipedia — April 24,exact,uprising,Ireland,Gregorian,evidence-based partial coverage,Patrick Pearse; James Connolly,Irish Republic,regional,secondary source; page cites references,20,verified against dated source entry,6,8
24,CE,1955,April,Asia,GHC-APR-0142,political,"Twenty-nine non-aligned nations of Asia and Africa finish a meeting that condemns colonialism, racism, and the Cold War.",Bandung Conference ends,"April 24, 1955 CE",https://en.wikipedia.org/wiki/April_24,1955-04-24,Bandung,"April 24, 1955",Wikipedia — April 24,exact,international conference,Indonesia,Gregorian,evidence-based partial coverage,,Bandung Conference,regional,secondary source; page cites references,20,verified against dated source entry,6,8
24,CE,1990,April,North America,GHC-APR-0143,science_technology,STS-31 launches the Hubble Space Telescope from the Space Shuttle Discovery.,Hubble Space Telescope launched,"April 24, 1990 CE",https://en.wikipedia.org/wiki/April_24,1990-04-24,,"April 24, 1990",Wikipedia — April 24,exact,space exploration,United States,Gregorian,evidence-based partial coverage,,Hubble Space Telescope,regional,secondary source; page cites references,20,verified against dated source entry,6,8
25,CE,1915,April,Middle East,GHC-APR-0144,military,"World War I began at Gallipoli with landings by British, French, Indian, Newfoundland, Australian and New Zealand troops at Anzac Cove and Cape Helles.",Gallipoli Landings,"April 25, 1915 CE",https://en.wikipedia.org/wiki/April_25,1915-04-25,Gallipoli,"April 25, 1915",Wikipedia — April 25,exact,World War I,Turkey,Gregorian,evidence-based partial coverage,,Ottoman Empire,regional,secondary source; page cites references,20,verified against dated source entry,6,8
25,CE,1945,April,Europe,GHC-APR-0145,military,"United States and Soviet reconnaissance troops met at Torgau and Strehla along the River Elbe, cutting the Wehrmacht of Nazi Germany in two.",Elbe Day,"April 25, 1945 CE",https://en.wikipedia.org/wiki/April_25,1945-04-25,Torgau,"April 25, 1945",Wikipedia — April 25,exact,World War II,Germany,Gregorian,evidence-based partial coverage,,Nazi Germany,regional,secondary source; page cites references,20,verified against dated source entry,6,8
25,CE,1953,April,Europe,GHC-APR-0146,science_technology,Francis Crick and James Watson published a paper describing the double helix structure of DNA.,DNA Double Helix Published,"April 25, 1953 CE",https://en.wikipedia.org/wiki/April_25,1953-04-25,,"April 25, 1953",Wikipedia — April 25,exact,Molecular biology,United Kingdom,Gregorian,evidence-based partial coverage,Francis Crick; James Watson,,regional,secondary source; page cites references,20,verified against dated source entry,6,8
25,CE,1954,April,North America,GHC-APR-0147,science_technology,Bell Telephone Laboratories publicly demonstrated the first practical solar cell.,Practical Solar Cell Demonstrated,"April 25, 1954 CE",https://en.wikipedia.org/wiki/April_25,1954-04-25,,"April 25, 1954",Wikipedia — April 25,exact,Solar energy,United States,Gregorian,evidence-based partial coverage,,Bell Telephone Laboratories,regional,secondary source; page cites references,20,verified against dated source entry,6,8
25,CE,1974,April,Europe,GHC-APR-0148,political,A leftist military coup in Portugal overthrew the authoritarian-conservative Estado Novo regime.,Carnation Revolution,"April 25, 1974 CE",https://en.wikipedia.org/wiki/April_25,1974-04-25,Lisbon,"April 25, 1974",Wikipedia — April 25,exact,Revolution,Portugal,Gregorian,evidence-based partial coverage,,Estado Novo,regional,secondary source; page cites references,20,verified against dated source entry,6,8
25,CE,2005,April,Asia,GHC-APR-0149,disaster,"A seven-car commuter train derailed and crashed into an apartment building near Amagasaki Station in Japan, killing 107 people including the driver.",Amagasaki Train Disaster,"April 25, 2005 CE",https://en.wikipedia.org/wiki/April_25,2005-04-25,Amagasaki,"April 25, 2005",Wikipedia — April 25,exact,Rail accident,Japan,Gregorian,evidence-based partial coverage,,,regional,secondary source; page cites references,20,verified against dated source entry,6,8
26,CE,1289,April,Middle East,GHC-APR-0150,military,"Following weeks of bombardment, the city of Tripoli falls to the Mamluks under Qalawun, who massacre men and enslave women and children.",Fall of Tripoli,"April 26, 1289 CE",https://en.wikipedia.org/wiki/April_26,1289-04-26,Tripoli,"April 26, 1289",Wikipedia — April 26,exact,Mamluk conquest,Lebanon,Gregorian,evidence-based partial coverage,Qalawun,Mamluk Sultanate,regional,secondary source; page cites references,20,verified against dated source entry,6,8
26,CE,1607,April,North America,GHC-APR-0151,exploration,Virginia Company colonists make landfall at Cape Henry.,Virginia Company Landfall,"April 26, 1607 CE",https://en.wikipedia.org/wiki/April_26,1607-04-26,Cape Henry,"April 26, 1607",Wikipedia — April 26,exact,English colonization,United States,Gregorian,evidence-based partial coverage,,Virginia Company,regional,secondary source; page cites references,20,verified against dated source entry,6,8
26,CE,1803,April,Europe,GHC-APR-0152,science_technology,"Thousands of meteor fragments fall from the skies of L'Aigle, France, convincing European scientists that meteors exist.",L'Aigle Meteorite Fall,"April 26, 1803 CE",https://en.wikipedia.org/wiki/April_26,1803-04-26,L'Aigle,"April 26, 1803",Wikipedia — April 26,exact,Meteoritics,France,Gregorian,evidence-based partial coverage,,,regional,secondary source; page cites references,20,verified against dated source entry,6,8
26,CE,1937,April,Europe,GHC-APR-0153,military,"During the Spanish Civil War, Guernica is bombed by the German Condor Legion and the Italian Aviazione Legionaria.",Bombing of Guernica,"April 26, 1937 CE",https://en.wikipedia.org/wiki/April_26,1937-04-26,Guernica,"April 26, 1937",Wikipedia — April 26,exact,Spanish Civil War,Spain,Gregorian,evidence-based partial coverage,,German Condor Legion; Italian Aviazione Legionaria,regional,secondary source; page cites references,20,verified against dated source entry,6,8
26,CE,1954,April,Europe,GHC-APR-0154,political,"The Geneva Conference, an effort to restore peace in Indochina and Korea, begins.",Geneva Conference Begins,"April 26, 1954 CE",https://en.wikipedia.org/wiki/April_26,1954-04-26,Geneva,"April 26, 1954",Wikipedia — April 26,exact,International diplomacy,Switzerland,Gregorian,evidence-based partial coverage,,Geneva Conference,regional,secondary source; page cites references,20,verified against dated source entry,6,8
26,CE,1986,April,Europe,GHC-APR-0155,disaster,The Chernobyl disaster occurs in the Ukrainian Soviet Socialist Republic.,Chernobyl Disaster,"April 26, 1986 CE",https://en.wikipedia.org/wiki/April_26,1986-04-26,Chernobyl,"April 26, 1986",Wikipedia — April 26,exact,Nuclear accident,Ukraine,Gregorian,evidence-based partial coverage,,Chernobyl Nuclear Power Plant,global,secondary source; page cites references,20,verified against dated source entry,6,9
27,CE,711,April,Europe,GHC-APR-0156,military,Moorish troops led by Tariq ibn Ziyad landed at Gibraltar to begin the invasion of the Iberian Peninsula.,Islamic conquest of Hispania begins,"April 27, 711 CE",https://en.wikipedia.org/wiki/April_27,0711-04-27,Gibraltar,"April 27, 711",Wikipedia — April 27,exact,Conquest,Spain,Gregorian,evidence-based partial coverage,Tariq ibn Ziyad,Al-Andalus,regional,secondary source; page cites references,20,verified against dated source entry,6,8
27,CE,1521,April,Asia,GHC-APR-0157,military,Ferdinand Magellan was killed by forces led by the Philippine chief Lapulapu at the Battle of Mactan.,Battle of Mactan,"April 27, 1521 CE",https://en.wikipedia.org/wiki/April_27,1521-04-27,Mactan,"April 27, 1521",Wikipedia — April 27,exact,Colonial conflict,Philippines,Gregorian,evidence-based partial coverage,Ferdinand Magellan; Lapulapu,Mactan,regional,secondary source; page cites references,20,verified against dated source entry,6,8
27,CE,1805,April,Africa,GHC-APR-0158,military,United States Marines and Berbers attacked the Tripolitan city of Derna during the First Barbary War.,Battle of Derna,"April 27, 1805 CE",https://en.wikipedia.org/wiki/April_27,1805-04-27,Derna,"April 27, 1805",Wikipedia — April 27,exact,First Barbary War,Libya,Gregorian,evidence-based partial coverage,,Tripolitania,regional,secondary source; page cites references,20,verified against dated source entry,6,8
27,CE,1978,April,Asia,GHC-APR-0159,political,The Saur Revolution began in Afghanistan and ended the following morning with the murder of President Mohammed Daoud Khan and the establishment of the Democratic Republic of Afghanistan.,Saur Revolution,"April 27, 1978 CE",https://en.wikipedia.org/wiki/April_27,1978-04-27,Kabul,"April 27, 1978",Wikipedia — April 27,exact,Revolution,Afghanistan,Gregorian,evidence-based partial coverage,Mohammed Daoud Khan,Democratic Republic of Afghanistan,regional,secondary source; page cites references,20,verified against dated source entry,6,8
27,CE,1986,April,Europe,GHC-APR-0160,disaster,The city of Pripyat and surrounding areas were evacuated due to the Chernobyl disaster.,Pripyat evacuation,"April 27, 1986 CE",https://en.wikipedia.org/wiki/April_27,1986-04-27,Pripyat,"April 27, 1986",Wikipedia — April 27,exact,Nuclear disaster,Ukraine,Gregorian,evidence-based partial coverage,,Chernobyl disaster,regional,secondary source; page cites references,20,verified against dated source entry,6,8
27,CE,1994,April,Africa,GHC-APR-0161,political,"South Africa held its first democratic general election in which black citizens could vote, marking the end of Apartheid as the Interim Constitution came into force.",South African democratic election,"April 27, 1994 CE",https://en.wikipedia.org/wiki/April_27,1994-04-27,,"April 27, 1994",Wikipedia — April 27,exact,Democratization,South Africa,Gregorian,evidence-based partial coverage,,South African general election,regional,secondary source; page cites references,20,verified against dated source entry,6,8
28,CE,224,April,Middle East,GHC-APR-0162,military,"Ardashir I defeated and killed Artabanus V, effectively ending the Parthian Empire.",Battle of Hormozdgan,"April 28, 224 CE",https://en.wikipedia.org/wiki/April_28,0224-04-28,Hormozdgan,"April 28, 224",Wikipedia — April 28,exact,imperial transition,Iran,Gregorian,evidence-based partial coverage,Ardashir I; Artabanus V,Parthian Empire,regional,secondary source; page cites references,20,verified against dated source entry,6,8
28,CE,1503,April,Europe,GHC-APR-0163,military,The Battle of Cerignola was fought and was noted as one of the first European battles won by small-arms fire using gunpowder.,Battle of Cerignola,"April 28, 1503 CE",https://en.wikipedia.org/wiki/April_28,1503-04-28,Cerignola,"April 28, 1503",Wikipedia — April 28,exact,gunpowder warfare,Italy,Gregorian,evidence-based partial coverage,,,regional,secondary source; page cites references,20,verified against dated source entry,6,8
28,CE,1788,April,North America,GHC-APR-0164,political,Maryland became the seventh state to ratify the United States Constitution.,Maryland Ratifies the Constitution,"April 28, 1788 CE",https://en.wikipedia.org/wiki/April_28,1788-04-28,Maryland,"April 28, 1788",Wikipedia — April 28,exact,constitutional ratification,United States,Gregorian,evidence-based partial coverage,,United States Constitution,regional,secondary source; page cites references,20,verified against dated source entry,6,8
28,CE,1792,April,Europe,GHC-APR-0165,military,"France invaded the Austrian Netherlands, beginning the French Revolutionary Wars.",French Invasion of the Austrian Netherlands,"April 28, 1792 CE",https://en.wikipedia.org/wiki/April_28,1792-04-28,,"April 28, 1792",Wikipedia — April 28,exact,French Revolutionary Wars,Belgium,Gregorian,evidence-based partial coverage,,France; Austrian Netherlands,regional,secondary source; page cites references,20,verified against dated source entry,6,8
28,CE,1937,April,North America,GHC-APR-0166,science_technology,South African medical researcher Max Theiler developed the yellow fever vaccine at the Rockefeller Foundation in New York City.,Yellow Fever Vaccine Developed,"April 28, 1937 CE",https://en.wikipedia.org/wiki/April_28,1937-04-28,New York City,"April 28, 1937",Wikipedia — April 28,exact,medical science,United States,Gregorian,evidence-based partial coverage,Max Theiler,Rockefeller Foundation,regional,secondary source; page cites references,20,verified against dated source entry,6,8
28,CE,1986,April,Europe,GHC-APR-0167,disaster,"High levels of radiation resulting from the Chernobyl disaster were detected at Forsmark Nuclear Power Plant in Sweden, leading Soviet authorities to publicly announce the accident.",Chernobyl Radiation Detected at Forsmark,"April 28, 1986 CE",https://en.wikipedia.org/wiki/April_28,1986-04-28,Forsmark,"April 28, 1986",Wikipedia — April 28,exact,nuclear accident,Sweden,Gregorian,evidence-based partial coverage,,Chernobyl disaster; Forsmark Nuclear Power Plant,global,secondary source; page cites references,20,verified against dated source entry,6,9
29,CE,1429,April,Europe,GHC-APR-0168,military,Joan of Arc arrives to relieve the Siege of Orléans.,Joan of Arc reaches Orléans,"April 29, 1429 CE",https://en.wikipedia.org/wiki/April_29,1429-04-29,Orléans,"April 29, 1429",Wikipedia — April 29,exact,Siege,France,Gregorian,evidence-based partial coverage,Joan of Arc,Kingdom of France,regional,secondary source; page cites references,20,verified against dated source entry,6,8
29,CE,1770,April,Oceania,GHC-APR-0169,exploration,"James Cook arrives in Australia at Botany Bay, which he names.",Cook arrives at Botany Bay,"April 29, 1770 CE",https://en.wikipedia.org/wiki/April_29,1770-04-29,Botany Bay,"April 29, 1770",Wikipedia — April 29,exact,European exploration,Australia,Gregorian,evidence-based partial coverage,James Cook,Kingdom of Great Britain,regional,secondary source; page cites references,20,verified against dated source entry,6,8
29,CE,1862,April,North America,GHC-APR-0170,military,Union forces under David Farragut capture New Orleans during the American Civil War.,Capture of New Orleans,"April 29, 1862 CE",https://en.wikipedia.org/wiki/April_29,1862-04-29,New Orleans,"April 29, 1862",Wikipedia — April 29,exact,American Civil War,United States,Gregorian,evidence-based partial coverage,David Farragut,United States,regional,secondary source; page cites references,20,verified against dated source entry,6,8
29,CE,1916,April,Middle East,GHC-APR-0171,military,The UK's 6th Indian Division surrenders to Ottoman forces at the Siege of Kut in one of the largest surrenders of British forces up to that point.,Siege of Kut surrender,"April 29, 1916 CE",https://en.wikipedia.org/wiki/April_29,1916-04-29,Kut,"April 29, 1916",Wikipedia — April 29,exact,World War I,Iraq,Gregorian,evidence-based partial coverage,,Ottoman Empire; United Kingdom,regional,secondary source; page cites references,20,verified against dated source entry,6,8
29,CE,1991,April,Asia,GHC-APR-0172,disaster,"A cyclone strikes southeastern Bangladesh with winds of around 155 miles per hour, killing at least 138,000 people and leaving as many as ten million homeless.",Bangladesh cyclone,"April 29, 1991 CE",https://en.wikipedia.org/wiki/April_29,1991-04-29,Chittagong,"April 29, 1991",Wikipedia — April 29,exact,Tropical cyclone,Bangladesh,Gregorian,evidence-based partial coverage,,,regional,secondary source; page cites references,20,verified against dated source entry,6,8
29,CE,1997,April,Global,GHC-APR-0173,political,"The Chemical Weapons Convention of 1993 enters into force, outlawing the production, stockpiling and use of chemical weapons by its signatories.",Chemical Weapons Convention enters into force,"April 29, 1997 CE",https://en.wikipedia.org/wiki/April_29,1997-04-29,,"April 29, 1997",Wikipedia — April 29,exact,International treaty,,Gregorian,evidence-based partial coverage,,Chemical Weapons Convention,global,secondary source; page cites references,20,verified against dated source entry,6,9
30,CE,1492,April,Europe,GHC-APR-0174,exploration,"Spain commissions Christopher Columbus as admiral of the ocean sea, viceroy, and governor of territories he discovers.",Columbus receives exploration commission,"April 30, 1492 CE",https://en.wikipedia.org/wiki/April_30,1492-04-30,,"April 30, 1492",Wikipedia — April 30,exact,Exploration commission,Spain,Gregorian,evidence-based partial coverage,Christopher Columbus,Spain,regional,secondary source; page cites references,20,verified against dated source entry,6,8
30,CE,1598,April,Europe,GHC-APR-0175,political,"Henry IV of France issues the Edict of Nantes, allowing freedom of religion to the Huguenots.",Edict of Nantes,"April 30, 1598 CE",https://en.wikipedia.org/wiki/April_30,1598-04-30,,"April 30, 1598",Wikipedia — April 30,exact,Religious toleration,France,Gregorian,evidence-based partial coverage,Henry IV; Huguenots,Kingdom of France,regional,secondary source; page cites references,20,verified against dated source entry,6,8
30,CE,1789,April,North America,GHC-APR-0176,political,George Washington takes the oath of office at Federal Hall in New York City to become the first President of the United States.,Washington takes presidential oath,"April 30, 1789 CE",https://en.wikipedia.org/wiki/April_30,1789-04-30,New York City,"April 30, 1789",Wikipedia — April 30,exact,Presidential inauguration,United States,Gregorian,evidence-based partial coverage,George Washington,United States,regional,secondary source; page cites references,20,verified against dated source entry,6,8
30,CE,1803,April,North America,GHC-APR-0177,political,"The United States purchases the Louisiana Territory from France for $15 million, more than doubling the size of the young nation.",Louisiana Purchase,"April 30, 1803 CE",https://en.wikipedia.org/wiki/April_30,1803-04-30,,"April 30, 1803",Wikipedia — April 30,exact,Territorial acquisition,United States; France,Gregorian,evidence-based partial coverage,,United States; France,regional,secondary source; page cites references,20,verified against dated source entry,6,8
30,CE,1897,April,Europe,GHC-APR-0178,science_technology,J. J. Thomson announces at the Royal Institution in London his discovery of the electron as a subatomic particle.,Discovery of the electron,"April 30, 1897 CE",https://en.wikipedia.org/wiki/April_30,1897-04-30,London,"April 30, 1897",Wikipedia — April 30,exact,Particle physics,United Kingdom,Gregorian,evidence-based partial coverage,J. J. Thomson,Cavendish Laboratory,regional,secondary source; page cites references,20,verified against dated source entry,6,8
30,CE,1975,April,Asia,GHC-APR-0179,military,"Communist forces gain control of Saigon, and South Vietnamese president Dương Văn Minh unconditionally surrenders, formally ending the Vietnam War.",Fall of Saigon,"April 30, 1975 CE",https://en.wikipedia.org/wiki/April_30,1975-04-30,Saigon,"April 30, 1975",Wikipedia — April 30,exact,War conclusion,Vietnam,Gregorian,evidence-based partial coverage,Dương Văn Minh,South Vietnam; Communist forces,regional,secondary source; page cites references,20,verified against dated source entry,6,8